55;fl.controls.Button
54;focusRectSkin
52;Button_upSkin
50;Button_selectedUpSkin
48;Button_selectedOverSkin
46;Button_selectedDownSkin
44;Button_selectedDisabledSkin
42;Button_overSkin
40;Button_emphasizedSkin
38;Button_downSkin
36;Button_disabledSkin
34;fl.core.ComponentShim
31;BlankBmp
30;Blank1Bmp
29;C10Bmp
28;C11Bmp
27;C12Bmp
26;C13Bmp
25;C14Bmp
24;C9Bmp
23;clubSuitBmp
22;D10Bmp
21;D11Bmp
20;D12Bmp
19;D13Bmp
18;D14Bmp
17;D9Bmp
16;DealerBmp
15;diamondSuitBmp
14;H10Bmp
13;H11Bmp
12;H12Bmp
11;H13Bmp
10;H14Bmp
9;H9Bmp
8;heartSuitBmp
7;S10Bmp
6;S11Bmp
5;S12Bmp
4;S13Bmp
3;S14Bmp
2;S9Bmp
1;spadeSuitBmp
0;Euchre_fla.MainTimeline
